organism,name_of_gene,pdb,url,exp_method,exp_detail,length,coverage,gene_map,dummy
9606,NOTCH1,afp46531-f1-model_v3,https://alphafold.ebi.ac.uk/files/AF-P46531-F1-model_v3.pdb,AF,v3,2555,1.0,{1-2555:1:A1-2555},
9606,NOTCH1,1pb5,https://www.ebi.ac.uk/pdbe/entry-files/download/pdb1pb5.ent,SOLUTION NMR,None,0,0.0137,{1446-1480:A1-35},
9606,NOTCH1,1toz,https://www.ebi.ac.uk/pdbe/entry-files/download/pdb1toz.ent,SOLUTION NMR,None,0,0.0454,{411-526:A411-526},
9606,NOTCH1,1yyh,https://www.ebi.ac.uk/pdbe/entry-files/download/pdb1yyh.ent,X-RAY DIFFRACTION,1.9,0,0.0751,{1923-2114:A52-243},
9606,NOTCH1,2f8x,https://www.ebi.ac.uk/pdbe/entry-files/download/pdb2f8x.ent,X-RAY DIFFRACTION,3.25,0,0.0,,
9606,NOTCH1,2f8y,https://www.ebi.ac.uk/pdbe/entry-files/download/pdb2f8y.ent,X-RAY DIFFRACTION,1.55,0,0.0841,{1908-2122:A1909-2123},
9606,NOTCH1,2he0,https://www.ebi.ac.uk/pdbe/entry-files/download/pdb2he0.ent,X-RAY DIFFRACTION,1.9,0,0.0681,{1941-2114:A70-243},
9606,NOTCH1,2vj3,https://www.ebi.ac.uk/pdbe/entry-files/download/pdb2vj3.ent,X-RAY DIFFRACTION,2.6,0,0.0454,{411-526:A411-526},
9606,NOTCH1,3eto,https://www.ebi.ac.uk/pdbe/entry-files/download/pdb3eto.ent,X-RAY DIFFRACTION,2.0,0,0.0908,{1448-1621:A1449-1622}{1669-1726:A1670-1727},
9606,NOTCH1,3i08,https://www.ebi.ac.uk/pdbe/entry-files/download/pdb3i08.ent,X-RAY DIFFRACTION,3.2,0,0.0681,{1448-1621:A1449-1622},
9606,NOTCH1,3l95,https://www.ebi.ac.uk/pdbe/entry-files/download/pdb3l95.ent,X-RAY DIFFRACTION,2.19,0,0.0,,
9606,NOTCH1,3nbn,https://www.ebi.ac.uk/pdbe/entry-files/download/pdb3nbn.ent,X-RAY DIFFRACTION,3.45,0,0.0,,
9606,NOTCH1,3v79,https://www.ebi.ac.uk/pdbe/entry-files/download/pdb3v79.ent,X-RAY DIFFRACTION,3.85,0,0.0787,{1919-2119:K1920-2120},
9606,NOTCH1,4cud,https://www.ebi.ac.uk/pdbe/entry-files/download/pdb4cud.ent,X-RAY DIFFRACTION,1.85,0,0.045,{412-526:A412-526},
9606,NOTCH1,4cue,https://www.ebi.ac.uk/pdbe/entry-files/download/pdb4cue.ent,X-RAY DIFFRACTION,3.0,0,0.0371,{412-465:A412-465}{486-526:A486-526},
9606,NOTCH1,4cuf,https://www.ebi.ac.uk/pdbe/entry-files/download/pdb4cuf.ent,X-RAY DIFFRACTION,2.29,0,0.0371,{412-465:A412-465}{486-526:A486-526},
9606,NOTCH1,4d0e,https://www.ebi.ac.uk/pdbe/entry-files/download/pdb4d0e.ent,X-RAY DIFFRACTION,1.61,0,0.045,{412-526:A412-526},
9606,NOTCH1,4d0f,https://www.ebi.ac.uk/pdbe/entry-files/download/pdb4d0f.ent,X-RAY DIFFRACTION,2.8,0,0.0301,{430-465:A430-465}{486-526:A486-526},
9606,NOTCH1,5fm9,https://www.ebi.ac.uk/pdbe/entry-files/download/pdb5fm9.ent,X-RAY DIFFRACTION,2.92,0,0.0603,{141-294:A141-294},
9606,NOTCH1,5fma,https://www.ebi.ac.uk/pdbe/entry-files/download/pdb5fma.ent,X-RAY DIFFRACTION,2.46,0,0.0446,{161-183:A161-183}{204-294:A204-294},
9606,NOTCH1,5kzo,https://www.ebi.ac.uk/pdbe/entry-files/download/pdb5kzo.ent,SOLUTION NMR,None,0,0.02,{1721-1771:A1721-1771},
9606,NOTCH1,5l0r,https://www.ebi.ac.uk/pdbe/entry-files/download/pdb5l0r.ent,X-RAY DIFFRACTION,1.5,0,0.0,,
9606,NOTCH1,5ub5,https://www.ebi.ac.uk/pdbe/entry-files/download/pdb5ub5.ent,X-RAY DIFFRACTION,2.09,0,0.0,,
9606,NOTCH1,6idf,https://www.ebi.ac.uk/pdbe/entry-files/download/pdb6idf.ent,ELECTRON MICROSCOPY,2.7,0,0.0,,
9606,NOTCH1,6py8,https://www.ebi.ac.uk/pdbe/entry-files/download/pdb6py8.ent,X-RAY DIFFRACTION,3.75,0,0.0,,
